name,cgpa
naveen,9.000000
rohith,9.000000
ato,9.010000
enx,9.010000
epx,9.010000
esv,9.010000
fcf,9.010000
fxj,9.010000
fyj,9.010000
hhd,9.010000
jtf,9.010000
kye,9.010000
maw,9.010000
niu,9.010000
pde,9.010000
qqa,9.010000
rnl,9.010000
rpr,9.010000
sol,9.010000
svu,9.010000
tiz,9.010000
tod,9.010000
ucp,9.010000
uqf,9.010000
uuv,9.010000
vsy,9.010000
xvp,9.010000
ygj,9.010000
ygv,9.010000
zdk,9.010000
ahh,9.020000
asy,9.020000
awe,9.020000
bxw,9.020000
cft,9.020000
dxz,9.020000
fhk,9.020000
fiv,9.020000
fqp,9.020000
fub,9.020000
gdg,9.020000
gjg,9.020000
gjl,9.020000
hpp,9.020000
hzs,9.020000
iaw,9.020000
ibc,9.020000
ile,9.020000
kon,9.020000
kpl,9.020000
luz,9.020000
maa,9.020000
mlq,9.020000
ney,9.020000
oly,9.020000
pcc,9.020000
pgr,9.020000
rck,9.020000
trz,9.020000
vfo,9.020000
vfv,9.020000
vum,9.020000
wqi,9.020000
wvy,9.020000
wwu,9.030000
xee,9.030000
xit,9.030000
xnr,9.030000
xuy,9.030000
xwc,9.030000
yjm,9.030000
yur,9.030000
yxm,9.030000
yxx,9.030000
zhy,9.030000
fdo,9.020000
aoa,9.030000
app,9.030000
apy,9.030000
auq,9.030000
bdp,9.030000
caa,9.030000
cdo,9.030000
cok,9.030000
cqg,9.030000
dzs,9.030000
elv,9.030000
esw,9.030000
fnk,9.030000
gou,9.030000
goz,9.030000
gxd,9.030000
hen,9.030000
hfy,9.030000
ihp,9.030000
ihx,9.030000
ikw,9.030000
imf,9.030000
inz,9.030000
izi,9.030000
jfk,9.030000
ktn,9.030000
kzk,9.030000
lpw,9.030000
mnu,9.030000
mqd,9.030000
mrj,9.030000
sgv,9.030000
snh,9.030000
spu,9.030000
szs,9.030000
thb,9.030000
tlv,9.030000
ttf,9.030000
txb,9.030000
uiq,9.030000
uoj,9.030000
uxf,9.030000
uzz,9.030000
vmt,9.030000
vrk,9.030000
wnv,9.030000
wpu,9.030000
wqk,9.030000
okm,9.030000
oon,9.030000
oox,9.030000
oqk,9.030000
ork,9.030000
pem,9.030000
pnz,9.030000
pse,9.030000
ptb,9.030000
qii,9.030000
qjx,9.030000
qyt,9.030000
rcf,9.030000
ros,9.030000
cou,9.040000
dyz,9.040000
fgv,9.040000
fwx,9.040000
gpx,9.040000
gtu,9.040000
hnr,9.040000
hpi,9.040000
icy,9.040000
iza,9.040000
jui,9.040000
lbn,9.040000
lcw,9.040000
mew,9.040000
mni,9.040000
nzu,9.040000
oxc,9.040000
qhr,9.040000
rox,9.040000
rtq,9.040000
scg,9.040000
spf,9.040000
srv,9.040000
ssx,9.040000
tfi,9.040000
txm,9.040000
ucf,9.040000
wda,9.040000
wwx,9.040000
wxw,9.040000
xbh,9.040000
xhb,9.040000
xkk,9.040000
xml,9.040000
xud,9.040000
ynt,9.040000
zxv,9.040000
ikk,9.040000
arp,9.050000
auz,9.050000
gmm,9.050000
gnk,9.050000
iac,9.050000
ijb,9.050000
jaa,9.050000
lcf,9.050000
mil,9.050000
mwa,9.050000
paa,9.050000
pcl,9.050000
pcn,9.050000
qck,9.050000
qxi,9.050000
rep,9.050000
rxl,9.050000
sly,9.050000
svc,9.050000
tav,9.050000
teh,9.050000
tta,9.050000
tty,9.050000
twx,9.050000
vle,9.050000
wid,9.050000
wmc,9.050000
wys,9.050000
xng,9.050000
ahp,9.060000
art,9.060000
axe,9.060000
bwl,9.060000
ebj,9.060000
elx,9.060000
eqz,9.060000
fnd,9.060000
ftb,9.060000
gmv,9.060000
hzk,9.060000
iee,9.060000
ihu,9.060000
kmh,9.060000
knv,9.060000
rya,9.060000
scn,9.060000
tvs,9.060000
txp,9.060000
wim,9.060000
xdm,9.060000
xhu,9.060000
xpq,9.060000
yzk,9.060000
zaa,9.060000
zvb,9.060000
krq,9.060000
lgy,9.060000
mdn,9.060000
mit,9.060000
mnh,9.060000
njv,9.060000
obc,9.060000
ohz,9.060000
qwf,9.060000
rdb,9.060000
acs,9.070000
bhr,9.070000
dcn,9.070000
dyo,9.070000
ebt,9.070000
elq,9.070000
fdh,9.070000
fqb,9.070000
fvz,9.070000
hae,9.070000
hlu,9.070000
hnp,9.070000
iyi,9.070000
iyw,9.070000
jkb,9.070000
jkz,9.070000
kwv,9.070000
lse,9.070000
ltb,9.070000
nti,9.070000
ozj,9.070000
pom,9.070000
ris,9.070000
uqc,9.070000
uqw,9.070000
vtx,9.070000
wis,9.070000
wox,9.070000
wqh,9.070000
wuo,9.070000
xea,9.070000
xjl,9.070000
xve,9.070000
xwx,9.070000
xzk,9.070000
yhg,9.070000
zhs,9.070000
bix,9.070000
aah,9.080000
bsp,9.080000
buy,9.080000
bxs,9.080000
cbu,9.080000
clt,9.080000
cse,9.080000
dek,9.080000
dql,9.080000
ekc,9.080000
eyt,9.080000
fxn,9.080000
gdr,9.080000
hjb,9.080000
hjw,9.080000
ima,9.080000
isr,9.080000
jgp,9.080000
jhb,9.080000
kqq,9.080000
ksv,9.080000
kyo,9.080000
kyv,9.080000
kyy,9.080000
lfa,9.080000
mdz,9.080000
mfk,9.080000
mtt,9.080000
nnc,9.080000
nsi,9.080000
nxf,9.080000
rfr,9.080000
rho,9.080000
tft,9.080000
ues,9.080000
uyg,9.080000
veb,9.080000
wdf,9.080000
wmy,9.080000
ypl,9.080000
yyu,9.080000
zvq,9.080000
omh,9.080000
oxh,9.080000
pbs,9.080000
qdk,9.080000
bpd,9.090000
bwz,9.090000
diq,9.090000
dte,9.090000
dzt,9.090000
eyq,9.090000
fyf,9.090000
jbr,9.090000
lhs,9.090000
lqq,9.090000
mch,9.090000
mqw,9.090000
nnx,9.090000
qib,9.090000
rim,9.090000
rmg,9.090000
sfe,9.090000
skr,9.090000
slc,9.090000
thr,9.090000
tqa,9.090000
tuk,9.090000
uga,9.090000
uje,9.090000
unz,9.090000
uvg,9.090000
vxm,9.090000
wyp,9.090000
zos,9.090000
zzx,9.090000
wzl,9.090000
xkl,9.090000
xpl,9.090000
ykq,9.090000
ytc,9.090000
atx,9.100000
bae,9.100000
bfv,9.100000
esc,9.100000
fel,9.100000
fih,9.100000
jmy,9.100000
kij,9.100000
kil,9.100000
lov,9.100000
mou,9.100000
mpt,9.100000
oct,9.100000
opb,9.100000
rag,9.100000
tgk,9.100000
tkg,9.100000
toj,9.100000
uhi,9.100000
urq,9.100000
vkc,9.100000
wmt,9.100000
xla,9.100000
xrh,9.100000
yxf,9.100000
zhg,9.100000
zka,9.100000
zmw,9.100000
zrn,9.100000
gve,9.100000
hch,9.100000
hfb,9.100000
hjp,9.100000
izd,9.100000
jck,9.100000
act,9.110000
akn,9.110000
awa,9.110000
bls,9.110000
bzu,9.110000
dsj,9.110000
elm,9.110000
fcv,9.110000
fot,9.110000
fpu,9.110000
jaz,9.110000
jcm,9.110000
jef,9.110000
lxx,9.110000
msp,9.110000
nhh,9.110000
rwc,9.110000
sds,9.110000
swl,9.110000
uvi,9.110000
vxz,9.110000
xnv,9.110000
zwo,9.110000
zxk,9.110000
bki,9.120000
dge,9.120000
djv,9.120000
dui,9.120000
fum,9.120000
fva,9.120000
xmd,9.120000
xwt,9.120000
ydd,9.120000
yht,9.120000
yow,9.120000
zue,9.120000
hse,9.120000
igm,9.120000
iri,9.120000
jyf,9.120000
jzj,9.120000
kcq,9.120000
lnx,9.120000
nra,9.120000
obh,9.120000
qdm,9.120000
qxm,9.120000
sup,9.120000
tjp,9.120000
uyp,9.120000
abp,9.130000
ffn,9.130000
gbr,9.130000
hjm,9.130000
iow,9.130000
iwv,9.130000
jwy,9.130000
kyu,9.130000
kzn,9.130000
mud,9.130000
oam,9.130000
ofr,9.130000
otr,9.130000
oua,9.130000
rps,9.130000
rrl,9.130000
tcn,9.130000
tcr,9.130000
veg,9.130000
wxv,9.130000
xvh,9.130000
xwo,9.130000
zbu,9.130000
zml,9.130000
zwl,9.130000
zxh,9.130000
apt,9.130000
avh,9.130000
dck,9.130000
dzw,9.130000
dzx,9.130000
akw,9.140000
asb,9.140000
cih,9.140000
dml,9.140000
dmq,9.140000
dov,9.140000
eji,9.140000
fln,9.140000
giq,9.140000
hgv,9.140000
hig,9.140000
iye,9.140000
jzi,9.140000
kxo,9.140000
lol,9.140000
loy,9.140000
lup,9.140000
lzz,9.140000
mix,9.140000
owd,9.140000
pdl,9.140000
pnw,9.140000
rpi,9.140000
rqc,9.140000
rrq,9.140000
slq,9.140000
tju,9.140000
tqb,9.140000
ueq,9.140000
vuq,9.140000
woc,9.140000
zdf,9.140000
znw,9.140000
zou,9.140000
aek,9.150000
cfc,9.150000
dyj,9.150000
fxm,9.150000
gzj,9.150000
kag,9.150000
kax,9.150000
klg,9.150000
kwu,9.150000
ljz,9.150000
omk,9.150000
pgu,9.150000
rlx,9.150000
tjr,9.150000
txu,9.150000
wie,9.150000
wob,9.150000
wqy,9.150000
xep,9.150000
dsm,9.160000
efa,9.160000
eui,9.160000
fww,9.160000
hjj,9.160000
icj,9.160000
ilv,9.160000
ios,9.160000
iws,9.160000
ljf,9.160000
lna,9.160000
mgi,9.160000
mgt,9.160000
nie,9.160000
nim,9.160000
njn,9.160000
qal,9.160000
slb,9.160000
umd,9.160000
urs,9.160000
uuc,9.160000
vun,9.160000
wgy,9.160000
wtp,9.160000
xgd,9.160000
xhj,9.160000
zcd,9.160000
zsp,9.160000
jsx,9.160000
aen,9.170000
ahb,9.170000
ajr,9.170000
awj,9.170000
brv,9.170000
dec,9.170000
dlk,9.170000
fgn,9.170000
fhc,9.170000
fpg,9.170000
fxb,9.170000
hrj,9.170000
ifn,9.170000
irl,9.170000
ivg,9.170000
jhc,9.170000
kjm,9.170000
man,9.170000
nfi,9.170000
nrf,9.170000
nte,9.170000
oti,9.170000
oxs,9.170000
pdw,9.170000
qmt,9.170000
rhd,9.170000
saw,9.170000
ttu,9.170000
uhb,9.170000
vgr,9.170000
voi,9.170000
ytn,9.170000
zvj,9.170000
vve,9.170000
agg,9.180000
ast,9.180000
clr,9.180000
cwy,9.180000
dfu,9.180000
dzg,9.180000
egv,9.180000
fhz,9.180000
fuz,9.180000
hje,9.180000
hrn,9.180000
hvf,9.180000
hxr,9.180000
hzh,9.180000
jxs,9.180000
lrs,9.180000
ndo,9.180000
ofs,9.180000
qrt,9.180000
rgw,9.180000
sml,9.180000
tfr,9.180000
tom,9.180000
ttj,9.180000
tww,9.180000
ubd,9.180000
ufw,9.180000
vra,9.180000
wsr,9.180000
xoy,9.180000
xpx,9.180000
xta,9.180000
xye,9.180000
yhv,9.180000
zbt,9.180000
ade,9.190000
aps,9.190000
dbp,9.190000
dpp,9.190000
ezm,9.190000
fdy,9.190000
fmq,9.190000
fny,9.190000
fom,9.190000
kao,9.190000
khr,9.190000
mmi,9.190000
mnn,9.190000
mum,9.190000
muv,9.190000
niy,9.190000
ohi,9.190000
qwc,9.190000
vir,9.190000
vyi,9.190000
wbb,9.190000
wcy,9.190000
yfm,9.190000
aua,9.200000
cns,9.200000
cwt,9.200000
efb,9.200000
egn,9.200000
eqr,9.200000
fct,9.200000
for,9.200000
gqm,9.200000
hit,9.200000
jap,9.200000
jsj,9.200000
jtc,9.200000
jwn,9.200000
wfi,9.200000
wnt,9.200000
woo,9.200000
xyg,9.200000
zda,9.200000
zdh,9.200000
zom,9.200000
zrf,9.200000
kcn,9.200000
klm,9.200000
mrr,9.200000
noa,9.200000
nqv,9.200000
pgp,9.200000
pkk,9.200000
rsf,9.200000
rxi,9.200000
tal,9.200000
tbq,9.200000
bwr,9.210000
bzh,9.210000
ckq,9.210000
cld,9.210000
fts,9.210000
gck,9.210000
gdh,9.210000
gzv,9.210000
heg,9.210000
hfl,9.210000
hpm,9.210000
htq,9.210000
lmo,9.210000
lte,9.210000
mmg,9.210000
noe,9.210000
qjm,9.210000
qnw,9.210000
qyq,9.210000
saq,9.210000
tat,9.210000
tfe,9.210000
tuq,9.210000
ugj,9.210000
uzd,9.210000
vdw,9.210000
von,9.210000
xwy,9.210000
xxo,9.210000
yzl,9.210000
zbl,9.210000
zwr,9.210000
iqh,9.210000
jct,9.210000
ale,9.220000
atv,9.220000
aub,9.220000
bdi,9.220000
ddk,9.220000
ean,9.220000
eop,9.220000
exd,9.220000
hjq,9.220000
hqe,9.220000
ihz,9.220000
irp,9.220000
khn,9.220000
kki,9.220000
lap,9.220000
lip,9.220000
lto,9.220000
mhu,9.220000
onk,9.220000
pht,9.220000
plw,9.220000
pzo,9.220000
rmv,9.220000
rsw,9.220000
smx,9.220000
sos,9.220000
tas,9.220000
ulf,9.220000
uqe,9.220000
uvl,9.220000
vqh,9.220000
vwi,9.220000
wgq,9.220000
yit,9.220000
zdm,9.220000
zqg,9.220000
awg,9.230000
cam,9.230000
dan,9.230000
tkx,9.230000
trb,9.230000
ujy,9.230000
uzt,9.230000
vdu,9.230000
vqv,9.230000
vvm,9.230000
wcn,9.230000
wnd,9.230000
xed,9.230000
xhv,9.230000
yeq,9.230000
yil,9.230000
zci,9.230000
zdv,9.230000
dna,9.230000
doa,9.230000
dog,9.230000
duh,9.230000
ewk,9.230000
ffc,9.230000
fqw,9.230000
gah,9.230000
hbj,9.230000
hgi,9.230000
hnv,9.230000
hss,9.230000
iks,9.230000
jcj,9.230000
jdn,9.230000
jkr,9.230000
jqh,9.230000
jvh,9.230000
jwv,9.230000
lix,9.230000
luu,9.230000
lzd,9.230000
mea,9.230000
ofp,9.230000
ptf,9.230000
qmz,9.230000
raj,9.230000
rec,9.230000
ree,9.230000
rqi,9.230000
sna,9.230000
tfq,9.230000
tsl,9.240000
ueg,9.240000
ulb,9.240000
url,9.240000
vjy,9.240000
vzm,9.240000
ydh,9.240000
ypi,9.240000
yym,9.240000
zhd,9.240000
zro,9.240000
zwq,9.240000
yak,9.250000
zst,9.250000
zwn,9.250000
exs,9.230000
aiy,9.240000
buo,9.240000
bur,9.240000
dtb,9.240000
gbq,9.240000
gov,9.240000
gvz,9.240000
hna,9.240000
hnl,9.240000
ivy,9.240000
jnv,9.240000
jue,9.240000
kvc,9.240000
mkr,9.240000
mvl,9.240000
mzx,9.240000
nef,9.240000
njl,9.240000
nsq,9.240000
och,9.240000
oci,9.240000
ozi,9.240000
qcd,9.240000
qed,9.240000
rwh,9.240000
rxe,9.240000
rye,9.240000
see,9.240000
sqg,9.240000
aat,9.250000
abj,9.250000
bfs,9.250000
dvx,9.250000
scp,9.250000
tdb,9.250000
tet,9.250000
epy,9.250000
evk,9.250000
ewf,9.250000
hal,9.250000
hco,9.250000
hgn,9.250000
hiv,9.250000
hrf,9.250000
htk,9.250000
jpj,9.250000
jte,9.250000
kpv,9.250000
lbm,9.250000
ldg,9.250000
oae,9.250000
opq,9.250000
puc,9.250000
qcz,9.250000
qix,9.250000
qlq,9.250000
qwr,9.250000
rti,9.250000
aut,9.260000
bhu,9.260000
bos,9.260000
bzq,9.260000
ceu,9.260000
mml,9.260000
nkx,9.260000
nww,9.260000
ozk,9.260000
qny,9.260000
sjo,9.260000
tbl,9.260000
tfh,9.260000
tlq,9.260000
uch,9.260000
udf,9.260000
ury,9.260000
vax,9.260000
vew,9.260000
vuu,9.260000
wnb,9.260000
wtd,9.260000
xux,9.260000
xxv,9.260000
yfg,9.260000
ysb,9.260000
ytf,9.260000
yxu,9.260000
zdd,9.260000
zpd,9.260000
cjx,9.260000
dgu,9.260000
efq,9.260000
gvj,9.260000
gvv,9.260000
hja,9.260000
inv,9.260000
jcq,9.260000
aup,9.270000
auy,9.270000
bkx,9.270000
bvg,9.270000
chu,9.270000
dpe,9.270000
drh,9.270000
dsn,9.270000
dym,9.270000
gci,9.270000
hdw,9.270000
iji,9.270000
jfc,9.270000
jqt,9.270000
ksx,9.270000
ktj,9.270000
nad,9.270000
ncy,9.270000
odm,9.270000
omy,9.270000
pgg,9.270000
pjy,9.270000
psy,9.270000
qvi,9.270000
wls,9.270000
xcg,9.270000
xtt,9.270000
yoj,9.270000
uok,9.270000
uvw,9.270000
uxg,9.270000
ari,9.280000
czu,9.280000
fas,9.280000
fdw,9.280000
gyx,9.280000
hjf,9.280000
hpj,9.280000
jak,9.280000
jhr,9.280000
jnm,9.280000
jzh,9.280000
luh,9.280000
mha,9.280000
otd,9.280000
oyg,9.280000
oyj,9.280000
plz,9.280000
qyr,9.280000
rap,9.280000
ske,9.280000
slt,9.280000
smn,9.280000
swz,9.280000
sxv,9.280000
syj,9.280000
tjd,9.280000
tsh,9.280000
tyw,9.280000
vyb,9.280000
xxt,9.280000
ywz,9.280000
btv,9.280000
cbt,9.280000
aaw,9.290000
bbi,9.290000
bfw,9.290000
cnp,9.290000
cpr,9.290000
ctd,9.290000
dpz,9.290000
dua,9.290000
dwr,9.290000
fyy,9.290000
gkr,9.290000
hnt,9.290000
iqm,9.290000
jba,9.290000
jzw,9.290000
klj,9.290000
kno,9.290000
ljx,9.290000
mib,9.290000
nmm,9.290000
nuw,9.290000
oog,9.290000
ouy,9.290000
pte,9.290000
qnx,9.290000
rrz,9.290000
ryr,9.290000
ukp,9.290000
vdx,9.290000
vmx,9.290000
wrh,9.290000
wsc,9.290000
ych,9.290000
zwy,9.290000
bjr,9.300000
bsu,9.300000
cfy,9.300000
crb,9.300000
fag,9.300000
fhe,9.300000
ghl,9.300000
hgm,9.300000
jii,9.300000
jro,9.300000
kwc,9.300000
nqc,9.300000
obn,9.300000
oju,9.300000
olt,9.300000
oop,9.300000
pxx,9.300000
quk,9.300000
qvf,9.300000
qwo,9.300000
qzr,9.300000
rvz,9.300000
ski,9.300000
tkw,9.300000
ujg,9.300000
vht,9.300000
wns,9.300000
zpb,9.300000
kyf,9.300000
lxs,9.300000
mfh,9.300000
moq,9.300000
aag,9.310000
anf,9.310000
bxn,9.310000
cnc,9.310000
dbm,9.310000
djs,9.310000
eiy,9.310000
eoz,9.310000
fly,9.310000
get,9.310000
ggn,9.310000
hmp,9.310000
htv,9.310000
hzv,9.310000
ijx,9.310000
jiw,9.310000
kgz,9.310000
mhw,9.310000
nea,9.310000
nfb,9.310000
nsf,9.310000
qts,9.310000
rkm,9.310000
shh,9.310000
sug,9.310000
thi,9.310000
trd,9.310000
tvj,9.310000
ukk,9.310000
wla,9.310000
bwv,9.320000
cog,9.320000
crl,9.320000
cwf,9.320000
gvb,9.320000
kti,9.320000
lkq,9.320000
lvu,9.320000
mfp,9.320000
ncm,9.320000
njj,9.320000
nqt,9.320000
ntv,9.320000
nwr,9.320000
qjg,9.320000
qwz,9.320000
sfr,9.320000
sgf,9.320000
sws,9.320000
tra,9.320000
ujr,9.320000
uyq,9.320000
vsj,9.320000
wit,9.320000
wll,9.320000
wmi,9.320000
xcb,9.320000
xlz,9.320000
xqw,9.320000
yfn,9.320000
you,9.320000
zvh,9.320000
euc,9.320000
ffq,9.320000
fxw,9.320000
abe,9.330000
bfn,9.330000
bqx,9.330000
bsn,9.330000
byj,9.330000
cjm,9.330000
cmg,9.330000
cxp,9.330000
enp,9.330000
gpl,9.330000
igu,9.330000
izr,9.330000
jzg,9.330000
kix,9.330000
kzu,9.330000
lah,9.330000
lva,9.330000
mfq,9.330000
nao,9.330000
ofa,9.330000
orj,9.330000
psq,9.330000
sms,9.330000
smt,9.330000
srl,9.330000
tap,9.330000
vjd,9.330000
vjv,9.330000
vsh,9.330000
vxk,9.330000
yuh,9.330000
zcv,9.330000
aer,9.340000
baq,9.340000
bnp,9.340000
cnx,9.340000
cwh,9.340000
fvr,9.340000
gdc,9.340000
gkq,9.340000
gye,9.340000
hao,9.340000
hnz,9.340000
mxf,9.340000
nbr,9.340000
nfy,9.340000
nmd,9.340000
pff,9.340000
pgi,9.340000
qbr,9.340000
qek,9.340000
qfi,9.340000
rpn,9.340000
ttr,9.340000
uin,9.340000
uqj,9.340000
vcq,9.340000
wbs,9.340000
wvm,9.340000
yxt,9.340000
iei,9.340000
iqc,9.340000
izm,9.340000
klh,9.340000
mdo,9.340000
awv,9.350000
brd,9.350000
bxg,9.350000
bxh,9.350000
ccs,9.350000
esj,9.350000
eyu,9.350000
fmc,9.350000
ilu,9.350000
ivi,9.350000
jdy,9.350000
kng,9.350000
kyb,9.350000
lal,9.350000
lth,9.350000
ndd,9.350000
nsg,9.350000
ocn,9.350000
oeb,9.350000
oid,9.350000
sdq,9.350000
skw,9.350000
sme,9.350000
uzc,9.350000
xmj,9.350000
xvz,9.350000
ywl,9.350000
zgv,9.350000
zmi,9.350000
ywt,9.350000
afl,9.360000
byq,9.360000
ckb,9.360000
dvy,9.360000
fyz,9.360000
hdk,9.360000
hjh,9.360000
hrv,9.360000
jnp,9.360000
jxh,9.360000
kzd,9.360000
mfm,9.360000
mnb,9.360000
nsz,9.360000
odq,9.360000
pdo,9.360000
skp,9.360000
snl,9.360000
the,9.360000
thy,9.360000
tug,9.360000
vhc,9.360000
vmj,9.360000
vmm,9.360000
vny,9.360000
vvs,9.360000
wlh,9.360000
yaz,9.360000
yfj,9.360000
ytb,9.360000
yyl,9.360000
zcb,9.360000
zts,9.360000
ayt,9.360000
bgj,9.370000
bnd,9.370000
bsb,9.370000
bvt,9.370000
cea,9.370000
coq,9.370000
dbt,9.370000
drq,9.370000
edt,9.370000
fze,9.370000
jat,9.370000
jke,9.370000
jtl,9.370000
lih,9.370000
nbp,9.370000
nwa,9.370000
pjv,9.370000
poy,9.370000
pxr,9.370000
qbo,9.370000
qfd,9.370000
qmf,9.370000
rwd,9.370000
ufa,9.370000
uuu,9.370000
uxs,9.370000
vjj,9.370000
vni,9.370000
vwx,9.370000
wny,9.370000
wzs,9.370000
xqi,9.370000
zyt,9.370000
ads,9.380000
anm,9.380000
aze,9.380000
boe,9.380000
cnb,9.380000
dmv,9.380000
dqs,9.380000
ecl,9.380000
gxn,9.380000
hdf,9.380000
iqx,9.380000
jzb,9.380000
kgk,9.380000
klf,9.380000
ksw,9.380000
ofx,9.380000
owy,9.380000
pfb,9.380000
pla,9.380000
pup,9.380000
qdp,9.380000
qoo,9.380000
sag,9.380000
ssw,9.380000
tit,9.380000
uqy,9.380000
vqt,9.380000
wdr,9.380000
xaa,9.380000
xfq,9.380000
xhc,9.380000
xnn,9.380000
xpy,9.380000
xxe,9.380000
zlz,9.380000
mma,9.380000
alt,9.390000
bop,9.390000
ccq,9.390000
cfg,9.390000
dhm,9.390000
eoy,9.390000
fde,9.390000
ftj,9.390000
hni,9.390000
izu,9.390000
jbz,9.390000
krx,9.390000
llw,9.390000
lmn,9.390000
lsn,9.390000
mkw,9.390000
mtv,9.390000
ncg,9.390000
nez,9.390000
nfa,9.390000
nlo,9.390000
nub,9.390000
oqd,9.390000
otv,9.390000
sgl,9.390000
sqe,9.390000
sqv,9.390000
syd,9.390000
uuz,9.390000
uxb,9.390000
vww,9.390000
ybq,9.390000
yoz,9.390000
bfo,9.400000
kch,9.400000
kqo,9.400000
kwy,9.400000
kyc,9.400000
lme,9.400000
myy,9.400000
nwm,9.400000
nyo,9.400000
oaz,9.400000
pij,9.400000
qgv,9.400000
qrg,9.400000
saa,9.400000
sfn,9.400000
uxi,9.400000
vbx,9.400000
wso,9.400000
xlj,9.400000
znx,9.400000
bwq,9.400000
cgp,9.400000
cgw,9.400000
dhy,9.400000
ecq,9.400000
fpv,9.400000
gec,9.400000
bjb,9.410000
bub,9.410000
bxe,9.410000
cdb,9.410000
cmc,9.410000
czx,9.410000
gxk,9.410000
hho,9.410000
hhw,9.410000
ijz,9.410000
jgr,9.410000
jie,9.410000
kam,9.410000
mgu,9.410000
mln,9.410000
nwx,9.410000
nyb,9.410000
pbw,9.410000
pip,9.410000
qud,9.410000
rne,9.410000
uar,9.410000
utk,9.410000
wiy,9.410000
wjm,9.410000
wwh,9.410000
wym,9.410000
xze,9.410000
ywo,9.410000
arr,9.420000
bji,9.420000
caj,9.420000
cfh,9.420000
cqe,9.420000
ecu,9.420000
gjt,9.420000
ptv,9.420000
qcl,9.420000
qxh,9.420000
rgl,9.420000
sal,9.420000
sxw,9.420000
tik,9.420000
twr,9.420000
vll,9.420000
vyn,9.420000
wao,9.420000
yec,9.420000
zmk,9.420000
haa,9.420000
hzd,9.420000
jez,9.420000
jne,9.420000
jul,9.420000
khu,9.420000
kwi,9.420000
los,9.420000
mnw,9.420000
mxv,9.420000
myh,9.420000
ndf,9.420000
nkd,9.420000
npt,9.420000
pbr,9.420000
aot,9.430000
bdn,9.430000
eaw,9.430000
far,9.430000
hku,9.430000
iie,9.430000
ixi,9.430000
jft,9.430000
ket,9.430000
kow,9.430000
kzi,9.430000
lek,9.430000
lfn,9.430000
mll,9.430000
mze,9.430000
nar,9.430000
ocj,9.430000
qdu,9.430000
rbk,9.430000
rmo,9.430000
rst,9.430000
rvw,9.430000
txv,9.430000
ubp,9.430000
ujf,9.430000
xul,9.430000
ydb,9.430000
zcw,9.430000
bly,9.430000
byk,9.430000
bsy,9.440000
cjv,9.440000
crj,9.440000
dkw,9.440000
dnz,9.440000
eid,9.440000
euy,9.440000
ffl,9.440000
gae,9.440000
gxx,9.440000
has,9.440000
hfc,9.440000
htb,9.440000
hwl,9.440000
isu,9.440000
jnb,9.440000
kgo,9.440000
mjb,9.440000
mmc,9.440000
rcc,9.440000
sjd,9.440000
teb,9.440000
ucr,9.440000
ull,9.440000
uzl,9.440000
xqs,9.440000
yti,9.440000
zam,9.440000
acv,9.450000
acx,9.450000
aey,9.450000
bia,9.450000
bkp,9.450000
bol,9.450000
bpf,9.450000
cef,9.450000
cpb,9.450000
dfr,9.450000
duu,9.450000
dwd,9.450000
fme,9.450000
fun,9.450000
klb,9.450000
lft,9.450000
lvc,9.450000
nhj,9.450000
nif,9.450000
nqb,9.450000
qjr,9.450000
ssy,9.450000
taf,9.450000
twn,9.450000
ucj,9.450000
uva,9.450000
vhu,9.450000
vis,9.450000
vth,9.450000
vvj,9.450000
wep,9.450000
xco,9.450000
xhi,9.450000
xkz,9.450000
yij,9.450000
yuu,9.460000
zjz,9.460000
zyj,9.460000
gxu,9.450000
hab,9.450000
hif,9.450000
hrz,9.450000
ide,9.450000
imh,9.450000
aqt,9.460000
bri,9.460000
bxx,9.460000
cjp,9.460000
end,9.460000
eqf,9.460000
euj,9.460000
ezn,9.460000
gky,9.460000
hga,9.460000
hhh,9.460000
hvq,9.460000
ijc,9.460000
ixt,9.460000
jjw,9.460000
mhx,9.460000
mnp,9.460000
msa,9.460000
ois,9.460000
pbi,9.460000
pqk,9.460000
pxk,9.460000
qqc,9.460000
qxa,9.460000
rdo,9.460000
rsg,9.460000
uww,9.460000
wfm,9.460000
wqz,9.460000
wrj,9.460000
yfx,9.460000
ygi,9.460000
yiz,9.460000
tsa,9.460000
ary,9.470000
bgy,9.470000
blm,9.470000
fim,9.470000
fmt,9.470000
gaq,9.470000
gte,9.470000
hrc,9.470000
hsb,9.470000
iib,9.470000
jox,9.470000
jxe,9.470000
jzp,9.470000
kzj,9.470000
lag,9.470000
ldt,9.470000
lhk,9.470000
lja,9.470000
luy,9.470000
nrz,9.470000
ojg,9.470000
oup,9.470000
pvr,9.470000
qdl,9.470000
qli,9.470000
rhm,9.470000
rmm,9.470000
rut,9.470000
swd,9.470000
tlt,9.470000
trl,9.470000
tsu,9.470000
ube,9.470000
unh,9.470000
uqv,9.470000
wkc,9.470000
ynd,9.470000
blu,9.470000
cak,9.470000
ccc,9.470000
dcj,9.470000
dfo,9.470000
dik,9.470000
egq,9.470000
beg,9.480000
bjc,9.480000
bze,9.480000
cje,9.480000
dhv,9.480000
eeh,9.480000
efr,9.480000
emj,9.480000
ene,9.480000
ezj,9.480000
ieh,9.480000
ijr,9.480000
ikq,9.480000
jmf,9.480000
krc,9.480000
nqa,9.480000
nqs,9.480000
ofd,9.480000
qxu,9.480000
rwa,9.480000
ryl,9.480000
sbt,9.480000
sux,9.480000
sxf,9.480000
vbt,9.480000
yut,9.480000
zlp,9.480000
vef,9.480000
vgs,9.480000
xxb,9.480000
cfx,9.490000
cuv,9.490000
duc,9.490000
ewu,9.490000
gru,9.490000
hlx,9.490000
hnd,9.490000
hoy,9.490000
irr,9.490000
ist,9.490000
odt,9.490000
onq,9.490000
ooj,9.490000
oxe,9.490000
qxt,9.490000
rsq,9.490000
sij,9.490000
sny,9.490000
srd,9.490000
syk,9.490000
tux,9.490000
uif,9.490000
voe,9.490000
wmb,9.490000
xcu,9.490000
xfm,9.490000
xkx,9.490000
ymf,9.490000
ytg,9.490000
zdx,9.490000
zyw,9.490000
zzw,9.490000
iyu,9.490000
jtt,9.490000
kjs,9.490000
knm,9.490000
loi,9.490000
ncp,9.490000
ngk,9.490000
nmp,9.490000
aad,9.500000
acf,9.500000
ard,9.500000
clx,9.500000
cqu,9.500000
csr,9.500000
daq,9.500000
dus,9.500000
eom,9.500000
ert,9.500000
evf,9.500000
grd,9.500000
iqd,9.500000
ixd,9.500000
jow,9.500000
kqt,9.500000
lfx,9.500000
lue,9.500000
mep,9.500000
mff,9.500000
mpa,9.500000
mwj,9.500000
nej,9.500000
nfl,9.500000
nys,9.500000
oab,9.500000
ocl,9.500000
opu,9.500000
plm,9.500000
pyn,9.500000
qag,9.500000
tel,9.500000
tmc,9.500000
tyv,9.500000
urw,9.500000
vup,9.500000
wah,9.500000
wuf,9.500000
yze,9.500000
zxd,9.500000
abc,9.510000
bdc,9.510000
bff,9.510000
bmv,9.510000
bww,9.510000
chy,9.510000
cip,9.510000
clc,9.510000
eav,9.510000
eet,9.510000
est,9.510000
fvw,9.510000
grb,9.510000
hvs,9.510000
iik,9.510000
iwq,9.510000
jcl,9.510000
kgp,9.510000
myc,9.510000
ndp,9.510000
nol,9.510000
npk,9.510000
pdt,9.510000
qff,9.510000
sdy,9.510000
ssv,9.510000
trt,9.510000
typ,9.510000
ufx,9.510000
ump,9.510000
uqb,9.510000
vdz,9.510000
xbx,9.510000
ymx,9.510000
zzr,9.510000
vki,9.510000
vwf,9.510000
aqo,9.520000
cwj,9.520000
cyh,9.520000
dlo,9.520000
dxr,9.520000
eqj,9.520000
eun,9.520000
ghk,9.520000
hft,9.520000
hil,9.520000
hor,9.520000
imv,9.520000
jxn,9.520000
kjr,9.520000
mmo,9.520000
oik,9.520000
pmt,9.520000
qab,9.520000
qdt,9.520000
qqy,9.520000
rlt,9.520000
rty,9.520000
spa,9.520000
tmf,9.520000
tni,9.520000
udi,9.520000
uge,9.520000
umq,9.520000
vyr,9.520000
wiw,9.520000
ymq,9.520000
yub,9.520000
kkb,9.520000
kli,9.520000
abl,9.530000
alz,9.530000
bat,9.530000
bey,9.530000
caq,9.530000
clu,9.530000
czo,9.530000
div,9.530000
ftu,9.530000
gpk,9.530000
hiw,9.530000
hsw,9.530000
khj,9.530000
krw,9.530000
lax,9.530000
ldd,9.530000
mcm,9.530000
mrh,9.530000
nku,9.530000
nna,9.530000
ppm,9.530000
rlf,9.530000
rul,9.530000
rym,9.530000
ttc,9.530000
tzi,9.530000
vkw,9.530000
vpl,9.530000
wxg,9.530000
xtl,9.530000
ypw,9.530000
yxy,9.530000
zcq,9.530000
avo,9.540000
wxl,9.540000
xvb,9.540000
ynp,9.540000
zse,9.540000
bao,9.540000
bei,9.540000
cbv,9.540000
cnh,9.540000
crn,9.540000
djc,9.540000
dmr,9.540000
drs,9.540000
dxe,9.540000
epa,9.540000
flp,9.540000
gsb,9.540000
hli,9.540000
iaq,9.540000
ieg,9.540000
lic,9.540000
lwl,9.540000
mns,9.540000
mtg,9.540000
nft,9.540000
nhy,9.540000
nma,9.540000
nnh,9.540000
ozw,9.540000
pfg,9.540000
pzd,9.540000
unw,9.540000
vba,9.540000
vlq,9.540000
vrv,9.540000
vyp,9.540000
wsa,9.540000
xdr,9.550000
ykn,9.550000
zba,9.550000
zeb,9.550000
znr,9.550000
zsw,9.550000
ecn,9.540000
alv,9.550000
asg,9.550000
axc,9.550000
beb,9.550000
bpg,9.550000
bvv,9.550000
bvx,9.550000
bwj,9.550000
cbe,9.550000
cvg,9.550000
dwo,9.550000
ehk,9.550000
ehs,9.550000
ewr,9.550000
exl,9.550000
fhf,9.550000
fve,9.550000
gbn,9.550000
glz,9.550000
hbl,9.550000
hdl,9.550000
hlk,9.550000
huj,9.550000
jav,9.550000
jnc,9.550000
koy,9.550000
kwe,9.550000
lrv,9.550000
mvy,9.550000
nia,9.550000
njw,9.550000
tql,9.550000
tvf,9.550000
twp,9.550000
tyn,9.550000
uke,9.550000
vvt,9.550000
wdi,9.550000
wkp,9.550000
nmz,9.550000
oky,9.550000
pvf,9.550000
qmc,9.550000
rfq,9.550000
rlr,9.550000
rxu,9.550000
afs,9.560000
apq,9.560000
csl,9.560000
ctu,9.560000
dtl,9.560000
ehm,9.560000
eqd,9.560000
feo,9.560000
ghg,9.560000
iyg,9.560000
jbb,9.560000
kbr,9.560000
kwq,9.560000
mok,9.560000
nge,9.560000
nrg,9.560000
ovy,9.560000
peg,9.560000
plc,9.560000
qja,9.560000
qmo,9.560000
qpf,9.560000
rbo,9.560000
rud,9.560000
rww,9.560000
svi,9.560000
tks,9.560000
tph,9.560000
txl,9.560000
vii,9.560000
wgr,9.560000
zqm,9.560000
gro,9.560000
hcz,9.560000
heu,9.560000
abb,9.570000
akq,9.570000
amf,9.570000
ays,9.570000
bzp,9.570000
ddx,9.570000
efv,9.570000
elh,9.570000
fei,9.570000
fsn,9.570000
gji,9.570000
iai,9.570000
icz,9.570000
iuw,9.570000
jnn,9.570000
jrz,9.570000
kxa,9.570000
mlk,9.570000
npo,9.570000
nus,9.570000
olx,9.570000
qsu,9.570000
qwt,9.570000
rup,9.570000
rws,9.570000
sgg,9.570000
tfa,9.570000
vow,9.570000
www,9.570000
xyc,9.570000
ant,9.580000
ceq,9.580000
cpk,9.580000
ded,9.580000
fvp,9.580000
fvs,9.580000
gyn,9.580000
hmg,9.580000
qfx,9.580000
sab,9.580000
sfy,9.580000
ule,9.580000
urf,9.580000
vsc,9.580000
wdn,9.580000
yom,9.580000
yru,9.580000
zcs,9.580000
hsu,9.580000
ixg,9.580000
ixj,9.580000
kea,9.580000
kqz,9.580000
lda,9.580000
lyo,9.580000
mcu,9.580000
mjx,9.580000
nfj,9.580000
oeh,9.580000
oke,9.580000
acj,9.590000
ans,9.590000
atf,9.590000
avr,9.590000
dxu,9.590000
ejr,9.590000
eoi,9.590000
fld,9.590000
gbp,9.590000
hks,9.590000
hlz,9.590000
jvn,9.590000
kgi,9.590000
led,9.590000
mem,9.590000
moz,9.590000
mvh,9.590000
oeu,9.590000
ouo,9.590000
pag,9.590000
qds,9.590000
qpr,9.590000
qtf,9.590000
rse,9.590000
smf,9.590000
ugo,9.590000
vas,9.590000
vdd,9.590000
vfi,9.590000
wuk,9.590000
wzm,9.590000
xnd,9.590000
ydo,9.590000
yzn,9.590000
zhv,9.590000
avs,9.590000
bdf,9.600000
efd,9.600000
eov,9.600000
fhp,9.600000
frz,9.600000
fua,9.600000
gyb,9.600000
hkp,9.600000
isf,9.600000
kxp,9.600000
lef,9.600000
mrk,9.600000
mtp,9.600000
pef,9.600000
pjr,9.600000
qev,9.600000
tac,9.600000
unv,9.600000
vqn,9.600000
wik,9.600000
wre,9.600000
xex,9.600000
xuh,9.600000
xzb,9.600000
ztd,9.600000
ajy,9.610000
aog,9.610000
bzf,9.610000
cig,9.610000
dat,9.610000
ere,9.610000
etu,9.610000
eut,9.610000
ewx,9.610000
ffi,9.610000
fii,9.610000
gaa,9.610000
gcm,9.610000
gqj,9.610000
hlb,9.610000
hmw,9.610000
jmq,9.610000
khz,9.610000
ozl,9.610000
pez,9.610000
puu,9.610000
pyx,9.610000
qbc,9.610000
qbh,9.610000
qlb,9.610000
qvh,9.610000
rdf,9.610000
udg,9.610000
uoi,9.610000
uxd,9.610000
vjw,9.610000
vkq,9.610000
vnh,9.610000
wbq,9.610000
wpp,9.610000
wql,9.610000
xhw,9.610000
xnc,9.610000
yrq,9.610000
zet,9.620000
zus,9.620000
lsw,9.610000
njy,9.610000
npi,9.610000
nvp,9.610000
ory,9.610000
aga,9.620000
apk,9.620000
arq,9.620000
cjg,9.620000
cxb,9.620000
dej,9.620000
djd,9.620000
drg,9.620000
icp,9.620000
ioj,9.620000
iwj,9.620000
jbx,9.620000
kia,9.620000
kpd,9.620000
lkz,9.620000
moy,9.620000
osf,9.620000
pau,9.620000
qjc,9.620000
sni,9.620000
spz,9.620000
tpy,9.620000
ucc,9.620000
uyy,9.620000
vcs,9.620000
vrr,9.620000
vzj,9.620000
xgk,9.620000
xlo,9.620000
auk,9.630000
els,9.630000
eni,9.630000
iej,9.630000
izy,9.630000
jwx,9.630000
kpb,9.630000
lqj,9.630000
mhl,9.630000
mue,9.630000
nsv,9.630000
pwk,9.630000
qaw,9.630000
qep,9.630000
rra,9.630000
svb,9.630000
tja,9.630000
ult,9.630000
ung,9.630000
vnp,9.630000
vxy,9.630000
wti,9.630000
wyn,9.630000
ang,9.640000
ebs,9.640000
hia,9.640000
jsc,9.640000
khp,9.640000
lyy,9.640000
mxi,9.640000
nrq,9.640000
odg,9.640000
pah,9.640000
qdj,9.640000
qrd,9.640000
rdw,9.640000
rkt,9.640000
sfl,9.640000
sls,9.640000
sob,9.640000
sqc,9.640000
toe,9.640000
uac,9.640000
uta,9.640000
vry,9.640000
wib,9.640000
wkm,9.640000
xpv,9.640000
xyd,9.640000
yao,9.640000
zcx,9.640000
zgg,9.640000
bsh,9.650000
bxy,9.650000
bzs,9.650000
doe,9.650000
dro,9.650000
ehv,9.650000
epm,9.650000
eqt,9.650000
fni,9.650000
gdb,9.650000
gjo,9.650000
vof,9.650000
wap,9.650000
xcs,9.650000
zmj,9.650000
gra,9.650000
hge,9.650000
hjk,9.650000
hkq,9.650000
imk,9.650000
iok,9.650000
jzx,9.650000
msy,9.650000
mwg,9.650000
njf,9.650000
onl,9.650000
ouh,9.650000
pgy,9.650000
rbv,9.650000
rni,9.650000
rrk,9.650000
ryo,9.650000
sur,9.650000
tqt,9.650000
ujz,9.650000
unj,9.650000
ahx,9.660000
bcp,9.660000
buj,9.660000
ppg,9.660000
qjs,9.660000
qmu,9.660000
qru,9.660000
rds,9.660000
ruc,9.660000
tut,9.660000
ure,9.660000
vit,9.660000
vwc,9.660000
wjc,9.660000
wlj,9.660000
wop,9.660000
xoh,9.660000
xuc,9.660000
yfu,9.660000
ylb,9.660000
yoe,9.660000
yzz,9.660000
cjq,9.660000
cxm,9.660000
dbk,9.660000
deq,9.660000
dib,9.660000
dsa,9.660000
duf,9.660000
dwl,9.660000
fcq,9.660000
les,9.660000
mav,9.660000
mym,9.660000
nlj,9.660000
nrs,9.660000
cmm,9.670000
cny,9.670000
cyp,9.670000
dfh,9.670000
eta,9.670000
gne,9.670000
hsa,9.670000
ikr,9.670000
iqt,9.670000
iuo,9.670000
jrm,9.670000
jru,9.670000
lgx,9.670000
mdy,9.670000
nhg,9.670000
nki,9.670000
nvq,9.670000
nyk,9.670000
ola,9.670000
owq,9.670000
oxv,9.670000
pcf,9.670000
qju,9.670000
rvx,9.670000
scq,9.670000
sis,9.670000
uqm,9.670000
uqz,9.670000
vak,9.670000
vzb,9.670000
wnl,9.670000
zde,9.670000
zgk,9.670000
zkg,9.670000
ztm,9.670000
dio,9.670000
aij,9.680000
bpz,9.680000
cfl,9.680000
eau,9.680000
ecd,9.680000
ecj,9.680000
emc,9.680000
eox,9.680000
eql,9.680000
gby,9.680000
gch,9.680000
iqr,9.680000
izl,9.680000
jwb,9.680000
jyc,9.680000
khv,9.680000
leb,9.680000
nes,9.680000
nsr,9.680000
ntr,9.680000
nur,9.680000
pgh,9.680000
qke,9.680000
quh,9.680000
qvs,9.680000
rnk,9.680000
rsv,9.680000
rtr,9.680000
seq,9.680000
tmn,9.680000
tpg,9.680000
wex,9.680000
wlr,9.680000
wrn,9.680000
wua,9.680000
xjc,9.680000
ypk,9.680000
ytq,9.680000
yza,9.680000
zca,9.680000
ucd,9.680000
ujm,9.680000
uqu,9.680000
vsl,9.680000
vvd,9.680000
atp,9.690000
bmq,9.690000
djz,9.690000
dmp,9.690000
fqt,9.690000
gho,9.690000
ihk,9.690000
iyk,9.690000
jbe,9.690000
jsi,9.690000
kgf,9.690000
omt,9.690000
pdb,9.690000
pkt,9.690000
pqb,9.690000
pxt,9.690000
rpy,9.690000
rug,9.690000
tcc,9.690000
tlf,9.690000
tqe,9.690000
txi,9.690000
tzf,9.690000
uov,9.690000
vjb,9.690000
was,9.690000
wdb,9.690000
wir,9.690000
xbr,9.690000
yhx,9.690000
yrv,9.690000
zfi,9.690000
koi,9.690000
lob,9.690000
lwd,9.690000
muj,9.690000
mvf,9.690000
nrm,9.690000
nth,9.690000
akd,9.700000
aph,9.700000
bxo,9.700000
cjn,9.700000
dkd,9.700000
dpn,9.700000
eim,9.700000
eyz,9.700000
hts,9.700000
kpy,9.700000
lgu,9.700000
lzc,9.700000
mdv,9.700000
nha,9.700000
pji,9.700000
qah,9.700000
qga,9.700000
qlk,9.700000
rlh,9.700000
rro,9.700000
rzz,9.700000
sbf,9.700000
slh,9.700000
thk,9.700000
tpz,9.700000
ufi,9.700000
wow,9.700000
wsm,9.700000
xxg,9.700000
xxw,9.700000
xxy,9.700000
zaz,9.700000
arx,9.710000
avu,9.710000
bge,9.710000
cbb,9.710000
cuf,9.710000
dqv,9.710000
ivm,9.710000
kuj,9.710000
lgl,9.710000
llh,9.710000
mhq,9.710000
pvw,9.710000
qpn,9.710000
qqz,9.710000
rmf,9.710000
sam,9.710000
ses,9.710000
suz,9.710000
uml,9.710000
utg,9.710000
viq,9.710000
vlr,9.710000
vmd,9.710000
xtf,9.710000
zrs,9.710000
zwc,9.710000
dtp,9.710000
dwc,9.710000
ept,9.710000
epw,9.710000
etz,9.710000
ezq,9.710000
gkb,9.710000
hla,9.710000
hsz,9.710000
adq,9.720000
aji,9.720000
aro,9.720000
axq,9.720000
bjt,9.720000
bnv,9.720000
cvx,9.720000
dvr,9.720000
dwk,9.720000
gea,9.720000
ghf,9.720000
hxi,9.720000
hxn,9.720000
ips,9.720000
iyh,9.720000
jbj,9.720000
jmo,9.720000
kcf,9.720000
kym,9.720000
kzb,9.720000
laz,9.720000
mkm,9.720000
nuv,9.720000
uzp,9.720000
uzs,9.720000
xkq,9.720000
xqj,9.720000
yrm,9.720000
ywf,9.720000
zpo,9.720000
zzz,9.720000
ovi,9.720000
pms,9.720000
qlz,9.720000
aac,9.730000
aap,9.730000
bhj,9.730000
bpk,9.730000
cqx,9.730000
dvf,9.730000
dwm,9.730000
dyi,9.730000
dza,9.730000
fsl,9.730000
gud,9.730000
hem,9.730000
hxw,9.730000
jwd,9.730000
kls,9.730000
kty,9.730000
kvk,9.730000
kwa,9.730000
lky,9.730000
lrb,9.730000
lze,9.730000
mhz,9.730000
mjy,9.730000
mve,9.730000
nom,9.730000
ohc,9.730000
ose,9.730000
qkp,9.730000
tdd,9.730000
thu,9.730000
vzr,9.730000
wnx,9.730000
xaq,9.730000
xbu,9.730000
xlp,9.730000
xth,9.730000
zzm,9.730000
apr,9.730000
agn,9.740000
alo,9.740000
bdt,9.740000
bzi,9.740000
can,9.740000
cca,9.740000
cjl,9.740000
dsq,9.740000
dyc,9.740000
ein,9.740000
fjs,9.740000
fpt,9.740000
ids,9.740000
iih,9.740000
jqb,9.740000
jrs,9.740000
jzf,9.740000
nmx,9.740000
oes,9.740000
oqo,9.740000
pkc,9.740000
sfc,9.740000
sno,9.740000
sqp,9.740000
svy,9.740000
tbv,9.740000
trf,9.740000
uku,9.740000
vwm,9.740000
xle,9.740000
ybv,9.740000
ygy,9.740000
yuj,9.740000
all,9.750000
yxi,9.750000
zmb,9.750000
zwx,9.750000
amj,9.750000
asn,9.750000
bab,9.750000
bnn,9.750000
cdj,9.750000
ctc,9.750000
ddt,9.750000
dma,9.750000
ecf,9.750000
fri,9.750000
fzq,9.750000
gbw,9.750000
gii,9.750000
nfr,9.750000
nje,9.750000
ntj,9.750000
ojw,9.750000
pfn,9.750000
quq,9.750000
rge,9.750000
rhk,9.750000
trk,9.750000
ujv,9.750000
unl,9.750000
uxj,9.750000
vrg,9.750000
vtp,9.750000
vvn,9.750000
vyj,9.750000
vyw,9.750000
wdy,9.750000
wje,9.750000
xoe,9.760000
yck,9.760000
ykh,9.760000
ysy,9.760000
yja,9.770000
ysi,9.770000
zpf,9.770000
gkl,9.750000
gnb,9.750000
ike,9.750000
itq,9.750000
jhg,9.750000
kcd,9.750000
kha,9.750000
kst,9.750000
lpz,9.750000
mcx,9.750000
msh,9.750000
air,9.760000
diy,9.760000
dxm,9.760000
gnt,9.760000
hno,9.760000
hxz,9.760000
hze,9.760000
ibu,9.760000
jkp,9.760000
jwh,9.760000
lrm,9.760000
lvm,9.760000
mvw,9.760000
prq,9.760000
pxm,9.760000
pyr,9.760000
qao,9.760000
qvm,9.760000
rbt,9.760000
sen,9.760000
sfs,9.760000
tkz,9.760000
twu,9.760000
txn,9.760000
wvx,9.760000
amo,9.770000
goj,9.770000
hdp,9.770000
iom,9.770000
iwu,9.770000
jac,9.770000
jfp,9.770000
knq,9.770000
mgl,9.770000
nyh,9.770000
oaj,9.770000
ocs,9.770000
rbz,9.770000
sgr,9.770000
spk,9.770000
tmt,9.770000
usi,9.770000
uty,9.770000
vbm,9.770000
vlp,9.770000
wdk,9.770000
xjw,9.770000
anw,9.770000
ayn,9.770000
caz,9.770000
eea,9.770000
eqk,9.770000
evm,9.770000
evr,9.770000
gcl,9.770000
aha,9.780000
atd,9.780000
aug,9.780000
beu,9.780000
brq,9.780000
cqp,9.780000
dnx,9.780000
dvb,9.780000
dyk,9.780000
eck,9.780000
edx,9.780000
ekg,9.780000
emd,9.780000
erx,9.780000
gax,9.780000
gki,9.780000
gqw,9.780000
grx,9.780000
gtg,9.780000
iwh,9.780000
jde,9.780000
jqy,9.780000
kmf,9.780000
kvr,9.780000
pct,9.780000
psm,9.780000
shx,9.780000
srh,9.780000
vux,9.780000
ldy,9.780000
lnu,9.780000
mza,9.780000
ncx,9.780000
ogk,9.780000
opt,9.780000
ozg,9.780000
aiu,9.790000
bqt,9.790000
bui,9.790000
cxa,9.790000
ekh,9.790000
fen,9.790000
fnx,9.790000
gic,9.790000
hmv,9.790000
hyu,9.790000
ijl,9.790000
iya,9.790000
jae,9.790000
jbp,9.790000
jkk,9.790000
jon,9.790000
klx,9.790000
kql,9.790000
kxw,9.790000
laa,9.790000
law,9.790000
nec,9.790000
njx,9.790000
opk,9.790000
osm,9.790000
pvn,9.790000
rgr,9.790000
sgw,9.790000
sts,9.790000
tqm,9.790000
tyt,9.790000
uwh,9.790000
vag,9.790000
vck,9.790000
wky,9.790000
xhd,9.790000
xsq,9.790000
xyn,9.790000
yua,9.790000
zbd,9.790000
zub,9.790000
zxt,9.790000
cfb,9.800000
cur,9.800000
cxz,9.800000
daf,9.800000
dig,9.800000
dmg,9.800000
eon,9.800000
fjq,9.800000
guu,9.800000
hnw,9.800000
imx,9.800000
jdt,9.800000
jxc,9.800000
kgw,9.800000
mmm,9.800000
nwv,9.800000
nxa,9.800000
oel,9.800000
ohm,9.800000
qyv,9.800000
sju,9.800000
tqr,9.800000
uct,9.800000
vsz,9.800000
wef,9.800000
wwe,9.800000
xsb,9.800000
xsu,9.800000
ysw,9.800000
zbg,9.800000
aez,9.810000
avz,9.810000
zyn,9.810000
buw,9.810000
dem,9.810000
dla,9.810000
dmi,9.810000
dsx,9.810000
dwa,9.810000
eel,9.810000
gdl,9.810000
gip,9.810000
gof,9.810000
hbb,9.810000
iur,9.810000
krk,9.810000
lph,9.810000
lwo,9.810000
nxx,9.810000
ofy,9.810000
pve,9.810000
pyc,9.810000
qrx,9.810000
rda,9.810000
tmm,9.810000
ueb,9.810000
ulr,9.810000
vjc,9.810000
vkv,9.810000
vql,9.810000
wfb,9.810000
yam,9.810000
ybh,9.810000
ycv,9.810000
zya,9.810000
mhn,9.810000
nho,9.810000
aao,9.820000
ahn,9.820000
blr,9.820000
cuo,9.820000
dqp,9.820000
fcn,9.820000
gcb,9.820000
goi,9.820000
hwe,9.820000
iki,9.820000
jiq,9.820000
kxf,9.820000
lsl,9.820000
mec,9.820000
mlh,9.820000
nlg,9.820000
nwp,9.820000
qni,9.820000
qns,9.820000
rij,9.820000
sgx,9.820000
stu,9.820000
tcb,9.820000
vps,9.820000
wyv,9.820000
xam,9.820000
xia,9.820000
xkw,9.820000
xtd,9.820000
ybx,9.820000
atz,9.830000
blq,9.830000
cag,9.830000
dkn,9.830000
dpw,9.830000
exj,9.830000
fnm,9.830000
hex,9.830000
iyp,9.830000
jbu,9.830000
kwm,9.830000
lpr,9.830000
lrx,9.830000
mmx,9.830000
nmk,9.830000
npq,9.830000
oki,9.830000
pln,9.830000
pmo,9.830000
qmn,9.830000
qre,9.830000
qxk,9.830000
rwt,9.830000
sfp,9.830000
smv,9.830000
ugf,9.830000
vpu,9.830000
ypa,9.830000
bhm,9.840000
bou,9.840000
bow,9.840000
cgf,9.840000
clm,9.840000
cqs,9.840000
cqv,9.840000
dys,9.840000
elp,9.840000
epd,9.840000
evs,9.840000
exy,9.840000
fal,9.840000
frb,9.840000
fvk,9.840000
fxa,9.840000
gpy,9.840000
hug,9.840000
icv,9.840000
iey,9.840000
lvt,9.840000
mnv,9.840000
ovo,9.840000
pja,9.840000
pjh,9.840000
pjx,9.840000
qua,9.840000
ssb,9.840000
svo,9.840000
tbf,9.840000
tjx,9.840000
tky,9.840000
zvs,9.840000
tuo,9.840000
unb,9.840000
wen,9.840000
wil,9.840000
wnr,9.840000
wuh,9.840000
xht,9.840000
xme,9.840000
xqq,9.840000
zrx,9.840000
aol,9.850000
bpm,9.850000
cni,9.850000
dpt,9.850000
ehi,9.850000
fip,9.850000
fou,9.850000
prz,9.850000
rhx,9.850000
rwr,9.850000
seb,9.850000
sex,9.850000
srx,9.850000
tjo,9.850000
uxw,9.850000
vbv,9.850000
vdq,9.850000
vuh,9.850000
wof,9.850000
xas,9.850000
yel,9.850000
yqi,9.850000
zsk,9.850000
iso,9.850000
jnt,9.850000
lgm,9.850000
mef,9.850000
mlx,9.850000
mzd,9.850000
nqq,9.850000
oka,9.850000
okh,9.850000
otj,9.850000
alg,9.860000
aru,9.860000
ayd,9.860000
bmh,9.860000
bpw,9.860000
emn,9.860000
esp,9.860000
gfr,9.860000
gin,9.860000
gkj,9.860000
gqo,9.860000
hhm,9.860000
hui,9.860000
iiq,9.860000
kmo,9.860000
lfk,9.860000
lmf,9.860000
lxl,9.860000
mne,9.860000
nzi,9.860000
owi,9.860000
oyi,9.860000
qcq,9.860000
rrn,9.860000
shc,9.860000
tzx,9.860000
uig,9.860000
utx,9.860000
uyf,9.860000
wyj,9.860000
zhh,9.860000
zko,9.860000
zrq,9.860000
zvu,9.860000
aci,9.870000
anq,9.870000
anv,9.870000
bdr,9.870000
blw,9.870000
bnl,9.870000
bzy,9.870000
chh,9.870000
coa,9.870000
ctf,9.870000
dlt,9.870000
epl,9.870000
eup,9.870000
evn,9.870000
fha,9.870000
fti,9.870000
fyx,9.870000
ghn,9.870000
hdn,9.870000
ilg,9.870000
jab,9.870000
jho,9.870000
lbe,9.870000
nqr,9.870000
obj,9.870000
pav,9.870000
qfv,9.870000
sfz,9.870000
sla,9.870000
tfs,9.870000
ufb,9.870000
wle,9.870000
zcj,9.870000
zil,9.870000
zlb,9.870000
zun,9.870000
xar,9.870000
xpe,9.870000
ycg,9.870000
yrg,9.870000
awk,9.880000
blj,9.880000
bvs,9.880000
esl,9.880000
gcy,9.880000
gjc,9.880000
hlw,9.880000
hpf,9.880000
hpq,9.880000
mnm,9.880000
mol,9.880000
nir,9.880000
pim,9.880000
qbd,9.880000
qvt,9.880000
qzx,9.880000
rto,9.880000
rzq,9.880000
smi,9.880000
tiq,9.880000
uxm,9.880000
uxp,9.880000
vds,9.880000
vep,9.880000
xtm,9.880000
yci,9.880000
ydn,9.880000
yoo,9.880000
zdo,9.880000
iha,9.880000
ipc,9.880000
isp,9.880000
jfb,9.880000
jmk,9.880000
kem,9.880000
kmj,9.880000
lun,9.880000
mhc,9.880000
abo,9.890000
aeh,9.890000
aiv,9.890000
ejk,9.890000
ext,9.890000
fmy,9.890000
frq,9.890000
fwt,9.890000
iav,9.890000
ing,9.890000
jhk,9.890000
jnl,9.890000
juq,9.890000
kpr,9.890000
kpt,9.890000
ktd,9.890000
kvu,9.890000
kxm,9.890000
lkn,9.890000
lnr,9.890000
lrd,9.890000
lzs,9.890000
mli,9.890000
mmj,9.890000
pai,9.890000
qbw,9.890000
qgc,9.890000
qrk,9.890000
qxz,9.890000
rgn,9.890000
rks,9.890000
scu,9.890000
sns,9.890000
tir,9.890000
uev,9.890000
uos,9.890000
uvo,9.890000
uwi,9.890000
xbt,9.890000
xyk,9.890000
xzi,9.890000
yfq,9.890000
yjp,9.890000
yrs,9.890000
yye,9.890000
zak,9.890000
fxz,9.890000
gay,9.890000
ghx,9.890000
gla,9.890000
gok,9.890000
auh,9.900000
bgv,9.900000
grj,9.900000
hcu,9.900000
how,9.900000
idf,9.900000
iig,9.900000
ild,9.900000
ivu,9.900000
ksi,9.900000
kvq,9.900000
lsj,9.900000
pux,9.900000
pwq,9.900000
qnc,9.900000
qor,9.900000
rzc,9.900000
shl,9.900000
tri,9.900000
uob,9.900000
utm,9.900000
vgy,9.900000
vla,9.900000
weh,9.900000
wii,9.900000
wxd,9.900000
yif,9.900000
zig,9.900000
zne,9.900000
ztn,9.900000
bqr,9.910000
bsi,9.910000
cey,9.910000
cqn,9.910000
dbz,9.910000
dwb,9.910000
dzc,9.910000
etk,9.910000
gia,9.910000
tfj,9.910000
tti,9.910000
ums,9.910000
vfu,9.910000
wbl,9.910000
xjj,9.910000
xpz,9.910000
xzm,9.910000
zof,9.910000
ztv,9.910000
idi,9.910000
ifv,9.910000
jcc,9.910000
jqe,9.910000
kat,9.910000
lat,9.910000
llv,9.910000
lri,9.910000
mxr,9.910000
nmu,9.910000
okd,9.910000
omf,9.910000
opc,9.910000
oqu,9.910000
pul,9.910000
qfw,9.910000
qwy,9.910000
rvd,9.910000
ryc,9.910000
skl,9.910000
sln,9.910000
smy,9.910000
bpj,9.920000
mwq,9.920000
nux,9.920000
opi,9.920000
pon,9.920000
qdo,9.920000
qmv,9.920000
qso,9.920000
rib,9.920000
rpj,9.920000
tbp,9.920000
ubv,9.920000
vkp,9.920000
whs,9.920000
xjv,9.920000
xki,9.920000
yll,9.920000
yxj,9.920000
zsa,9.920000
buk,9.920000
bwt,9.920000
cph,9.920000
dbh,9.920000
djm,9.920000
dle,9.920000
fyw,9.920000
hhr,9.920000
ibd,9.920000
jna,9.920000
lae,9.920000
lbf,9.920000
leu,9.920000
abh,9.930000
afv,9.930000
anb,9.930000
boz,9.930000
ejl,9.930000
frc,9.930000
fye,9.930000
fzb,9.930000
hkx,9.930000
ida,9.930000
iqp,9.930000
jcv,9.930000
jcx,9.930000
jdg,9.930000
jeg,9.930000
jpp,9.930000
kjz,9.930000
ktt,9.930000
lem,9.930000
ljw,9.930000
lrc,9.930000
nut,9.930000
nwf,9.930000
oym,9.930000
psn,9.930000
qie,9.930000
qkw,9.930000
rsr,9.930000
snf,9.930000
tre,9.930000
ukn,9.930000
umh,9.930000
wdw,9.930000
wmm,9.930000
xmk,9.930000
yct,9.930000
bdh,9.940000
bun,9.940000
cvd,9.940000
djw,9.940000
doc,9.940000
edh,9.940000
erp,9.940000
gev,9.940000
gwc,9.940000
gyh,9.940000
hpr,9.940000
hqm,9.940000
jyv,9.940000
jzr,9.940000
kdv,9.940000
kxk,9.940000
lfh,9.940000
lfq,9.940000
loa,9.940000
lry,9.940000
meg,9.940000
mip,9.940000
ncu,9.940000
nke,9.940000
oir,9.940000
ore,9.940000
pbd,9.940000
pbg,9.940000
peb,9.940000
pjp,9.940000
sce,9.940000
seh,9.940000
ygl,9.940000
ylm,9.940000
yqo,9.940000
yvr,9.940000
ziq,9.940000
uer,9.940000
uih,9.940000
vjr,9.940000
wqe,9.940000
xmv,9.940000
avk,9.950000
biy,9.950000
clk,9.950000
cnd,9.950000
coy,9.950000
dez,9.950000
dqo,9.950000
edl,9.950000
fdg,9.950000
fug,9.950000
fut,9.950000
fzi,9.950000
gkw,9.950000
mga,9.950000
myi,9.950000
pcp,9.950000
pts,9.950000
pxg,9.950000
rtv,9.950000
seu,9.950000
sgy,9.950000
syz,9.950000
vwt,9.950000
wfh,9.950000
wkd,9.950000
yfc,9.950000
yge,9.950000
ymc,9.950000
yxa,9.950000
hbs,9.950000
igf,9.950000
jce,9.950000
jzc,9.950000
bbu,9.960000
btw,9.960000
ccf,9.960000
dae,9.960000
dag,9.960000
dgh,9.960000
dls,9.960000
doy,9.960000
dtc,9.960000
dvo,9.960000
dwu,9.960000
ets,9.960000
glf,9.960000
gsm,9.960000
guw,9.960000
hmm,9.960000
hud,9.960000
jkx,9.960000
jsv,9.960000
lny,9.960000
mng,9.960000
mpz,9.960000
nsc,9.960000
ope,9.960000
pky,9.960000
rde,9.960000
rmr,9.960000
row,9.960000
vhw,9.960000
wbj,9.960000
wmw,9.960000
wul,9.960000
wxs,9.960000
xlu,9.960000
ypd,9.960000
yxe,9.960000
rph,9.960000
sfb,9.960000
syi,9.960000
tdm,9.960000
uja,9.960000
upj,9.960000
vhi,9.960000
afn,9.970000
akp,9.970000
bcg,9.970000
gca,9.970000
hgq,9.970000
jhh,9.970000
kes,9.970000
kuq,9.970000
lyd,9.970000
msq,9.970000
ndw,9.970000
nfc,9.970000
nky,9.970000
oah,9.970000
pcg,9.970000
phi,9.970000
ppj,9.970000
ptm,9.970000
pvu,9.970000
qrm,9.970000
rlp,9.970000
rpo,9.970000
swq,9.970000
taz,9.970000
tnq,9.970000
vja,9.970000
vzq,9.970000
wvn,9.970000
xss,9.970000
yts,9.970000
zfu,9.970000
bil,9.970000
bmd,9.970000
bmu,9.970000
cyf,9.970000
deo,9.970000
dfk,9.970000
dqn,9.970000
fdb,9.970000
bfd,9.980000
bzw,9.980000
cle,9.980000
duk,9.980000
eld,9.980000
elz,9.980000
fro,9.980000
fst,9.980000
hoi,9.980000
ien,9.980000
jor,9.980000
jsh,9.980000
kml,9.980000
lmm,9.980000
lsq,9.980000
lwn,9.980000
mcw,9.980000
mhe,9.980000
myn,9.980000
nvs,9.980000
nwg,9.980000
ocq,9.980000
pin,9.980000
pzc,9.980000
qdi,9.980000
scl,9.980000
xfb,9.980000
xgq,9.980000
xsk,9.980000
xsv,9.980000
zwt,9.980000
zzc,9.980000
aee,9.990000
ami,9.990000
axa,9.990000
bef,9.990000
bwg,9.990000
eow,9.990000
pay,9.990000
pev,9.990000
rwo,9.990000
rxh,9.990000
sii,9.990000
ugr,9.990000
uvq,9.990000
xnk,9.990000
znz,9.990000
frh,9.990000
gqi,9.990000
gtx,9.990000
guk,9.990000
gws,9.990000
hde,9.990000
hoj,9.990000
iaf,9.990000
ilq,9.990000
ior,9.990000
itm,9.990000
iyj,9.990000
jse,9.990000
jtr,9.990000
kop,9.990000
lai,9.990000
lkh,9.990000
mij,9.990000
axs,10.000000
bzz,10.000000
cxg,10.000000
dfe,10.000000
dpx,10.000000
ebu,10.000000
enq,10.000000
fcy,10.000000
fqq,10.000000
hom,10.000000
iyd,10.000000
jau,10.000000
kde,10.000000
klc,10.000000
nta,10.000000
pea,10.000000
piq,10.000000
pzx,10.000000
qfj,10.000000
rqh,10.000000
rwx,10.000000
uyk,10.000000
uzf,10.000000
wdp,10.000000
wgh,10.000000
wum,10.000000
wup,10.000000
yek,10.000000
zoh,10.000000
caaarter,10.000000
